日期,场次编号,联赛,主队,客队,开赛时间,单关胜平负,实际进球,基线A预测,模型A预测,基线B预测,模型B预测,模型A命中,模型B命中,抓取时间,结果时间
2026-09-20,周日001,亚运男足,伊朗亚,中国亚,09-20 13:00,,,,,,,,,09-20 13:00,09-21 18:12
2026-09-20,周日002,日职,町田泽维,柏太阳神,09-20 16:00,,,,,,,,,09-20 14:32,09-21 18:12
2026-09-20,周日003,日职,大阪钢巴,神户胜利,09-20 16:00,,,,,,,,,09-20 14:32,09-21 18:12
2026-09-20,周日004,韩职,仁川联,大田市民,09-20 18:00,,,,,,,,,09-20 14:32,09-21 18:12
2026-09-20,周日005,亚运男足,吉尔吉亚,日本亚,09-20 18:30,,,,,,,,,09-20 14:32,09-21 18:12
2026-09-20,周日006,意甲,佛罗伦萨,那不勒斯,09-20 18:30,,,,,,,,,09-20 14:32,09-21 18:12
2026-09-20,周日007,英冠,伍尔弗,西布罗姆,09-20 19:00,,,,,,,,,09-20 14:32,09-21 18:12
2026-09-20,周日008,西甲,赫塔费,马拉加,09-20 20:00,否,,,,,,,,09-20 19:05,09-21 18:12
2026-09-20,周日009,荷甲,特温特,埃因霍温,09-20 20:30,否,,,,,,,,09-20 19:05,09-21 18:12
2026-09-20,周日010,英超,利兹联,水晶宫,09-20 21:00,否,,,,,,,,09-20 19:05,09-21 18:12
2026-09-20,周日011,英超,伯恩茅斯,利物浦,09-20 21:00,是,,,,,,,,09-20 14:32,09-21 18:12
2026-09-20,周日012,英超,曼城,桑德兰,09-20 21:00,否,,,,,,,,09-20 19:05,09-21 18:12
2026-09-20,周日013,意甲,帕尔马,热那亚,09-20 21:00,否,,,,,,,,09-20 19:05,09-21 18:12
2026-09-20,周日014,意甲,弗洛西诺,科莫,09-20 21:00,否,,,,,,,,09-20 19:05,09-21 18:12
2026-09-20,周日015,德甲,勒沃库森,莱红牛,09-20 21:30,否,,,,,,,,09-20 19:05,09-21 18:12
2026-09-20,周日016,西甲,马竞,皇马,09-20 22:15,是,,,,,,,,09-20 19:17,09-21 18:12
2026-09-20,周日017,瑞超,米亚尔比,盖斯,09-20 22:30,否,,,,,,,,09-20 14:32,09-21 18:12
2026-09-20,周日018,挪超,维京,利勒斯特,09-20 23:00,否,,,,,,,,09-20 19:05,09-21 18:12
2026-09-20,周日019,法甲,尼斯,里尔,09-20 23:15,否,,,,,,,,09-20 19:05,09-21 18:12
2026-09-20,周日020,英超,富勒姆,曼联,09-20 23:30,是,,,,,,,,09-20 14:32,09-21 18:12
2026-09-20,周日021,德甲,沙尔克04,埃沃斯堡,09-20 23:30,否,,,,,,,,09-20 14:32,09-21 18:12
2026-09-20,周日022,意甲,尤文图斯,亚特兰大,09-21 00:00,否,,,,,,,,09-20 19:05,09-21 18:12
2026-09-20,周日023,西甲,比利亚雷,莱万特,09-21 00:30,否,,,,,,,,09-20 19:05,09-21 18:12
2026-09-20,周日024,西甲,拉科,贝蒂斯,09-21 00:30,否,,,,,,,,09-20 19:05,09-21 18:12
2026-09-20,周日025,德甲,帕德博恩,霍芬海姆,09-21 01:30,否,,,,,,,,09-20 19:05,09-21 18:12
2026-09-20,周日026,意甲,AC米兰,莱切,09-21 02:45,否,,,,,,,,09-20 19:05,09-21 18:12
2026-09-20,周日027,法甲,马赛,巴黎圣曼,09-21 02:45,否,,,,,,,,09-20 19:05,09-21 18:12
2026-09-20,周日028,西甲,巴伦西亚,皇家社会,09-21 03:00,否,,,,,,,,09-20 19:05,09-21 18:12
2026-09-20,周日029,葡超,波尔图,本菲卡,09-21 03:30,否,,,,,,,,09-20 19:17,09-21 18:12
2026-09-20,周日030,巴甲,巴竞技,巴伊亚,09-21 06:30,否,,,,,,,,09-20 19:05,09-21 18:12
2026-09-21,周一001,亚运女足,中国女,菲律宾女,09-21 15:00,,,,,,,,,09-21 11:00,09-22 11:00
2026-09-22,周二001,亚运男足,韩国亚,沙特亚,09-22 18:00,否,,,,,,,,09-22 17:00,09-23 11:00
2026-09-22,周二002,英锦标赛,米尔顿,克劳利,09-23 02:00,否,,,,,,,,09-22 17:00,09-23 11:00
2026-09-22,周二003,英锦标赛,诺茨郡,格里姆,09-23 02:00,否,,,,,,,,09-22 17:00,09-23 11:00
2026-09-22,周二004,英锦标赛,维冈,布莱克浦,09-23 02:00,否,,,,,,,,09-22 17:00,09-23 11:00
2026-09-23,周三001,亚运男足,中国亚,阿联酋亚,09-23 13:30,否,,,,,,,,09-23 11:00,09-24 17:00
2026-09-23,周三002,亚运男足,日本亚,泰国亚,09-23 18:30,,,,,,,,,09-23 17:00,09-24 17:00
2026-09-23,周三003,美职,西雅图,盐湖城,09-24 09:30,否,,,,,,,,09-23 17:00,09-24 17:00
2026-09-24,周四001,国际赛,日本,乌拉圭,09-24 18:05,否,,,,,,,,09-24 17:00,09-25 11:00
2026-09-24,周四002,国际赛,韩国,厄瓜多尔,09-24 19:00,否,,,,,,,,09-24 17:00,09-25 11:00
2026-09-24,周四003,国际赛,中国,马尔代夫,09-24 19:35,,,,,,,,,09-24 17:00,09-25 11:00
2026-09-24,周四004,欧国联,科索沃,爱尔兰,09-25 02:45,否,,,,,,,,09-24 17:00,09-25 11:00
2026-09-24,周四005,欧国联,葡萄牙,威尔士,09-25 02:45,否,,,,,,,,09-24 17:00,09-25 11:00
2026-09-24,周四006,欧国联,荷兰,德国,09-25 02:45,是,,,,,,,,09-24 17:00,09-25 11:00
2026-09-24,周四007,欧国联,塞尔维亚,希腊,09-25 02:45,否,,,,,,,,09-24 17:00,09-25 11:00
2026-09-24,周四008,欧国联,挪威,丹麦,09-25 02:45,是,,,,,,,,09-24 17:00,09-25 11:00
2026-09-25,周五001,亚运男足,乌兹别亚,沙特亚,09-25 13:00,否,,,,,,,,09-25 11:00,09-26 11:00
2026-09-25,周五002,亚运女足,中国女,越南女,09-25 14:00,,,,,,,,,09-25 11:00,09-26 11:00
2026-09-25,周五003,国际赛,澳大利亚,巴西,09-25 18:00,否,,,,,,,,09-25 17:00,09-26 11:00
2026-09-25,周五004,亚运男足,韩国亚,越南亚,09-25 18:30,否,,,,,,,,09-25 17:00,09-26 11:00
2026-09-25,周五005,亚运女足,韩国女,乌兹别女,09-25 18:30,,,,,,,,,09-25 17:00,09-26 11:00
2026-09-25,周五006,欧国联,格鲁吉亚,北爱尔兰,09-26 00:00,否,,,,,,,,09-25 17:00,09-26 11:00
2026-09-25,周五007,欧国联,亚美尼亚,拉脱维亚,09-26 00:00,否,,,,,,,,09-25 17:00,09-26 11:00
2026-09-25,周五008,欧国联,意大利,比利时,09-26 02:45,是,,,,,,,,09-25 17:00,09-26 11:00
2026-09-25,周五009,欧国联,黑山,塞浦路斯,09-26 02:45,否,,,,,,,,09-25 17:00,09-26 11:00
2026-09-25,周五010,欧国联,波兰,波黑,09-26 02:45,否,,,,,,,,09-25 17:00,09-26 11:00
2026-09-25,周五011,欧国联,土耳其,法国,09-26 02:45,否,,,,,,,,09-25 17:00,09-26 11:00
2026-09-25,周五012,欧国联,瑞典,罗马尼亚,09-26 02:45,否,,,,,,,,09-25 17:00,09-26 11:00
2026-09-25,周五013,荷乙,多德勒支,阿尔梅勒,09-26 03:00,否,,,,,,,,09-25 17:00,09-26 11:00
2026-09-26,周六001,亚运男足,中国亚,泰国亚,09-26 14:00,否,,,,,,,,09-26 11:00,09-27 17:00
2026-09-26,周六002,日乙,磐城FC,仙台七夕,09-26 16:00,否,,,,,,,,09-26 11:00,09-27 17:00
2026-09-26,周六003,日乙,富山胜利,横滨FC,09-26 16:00,否,,,,,,,,09-26 11:00,09-27 17:00
2026-09-26,周六004,日乙,秋田闪电,新潟天鹅,09-26 16:00,否,,,,,,,,09-26 11:00,09-27 17:00
2026-09-26,周六005,日乙,大宫松鼠,甲府风林,09-26 16:00,否,,,,,,,,09-26 11:00,09-27 17:00
2026-09-26,周六006,日乙,大分三神,藤枝MYFC,09-26 16:00,否,,,,,,,,09-26 11:00,09-27 17:00
2026-09-26,周六007,亚运男足,日本亚,朝鲜亚,09-26 18:30,否,,,,,,,,09-26 17:00,09-27 17:00
2026-09-26,周六008,欧国联,斯洛文尼,苏格兰,09-26 21:00,是,,,,,,,,09-26 17:00,09-27 17:00
2026-09-26,周六009,荷乙,赫拉克勒,维迪斯,09-26 22:30,否,,,,,,,,09-26 17:00,09-27 17:00
2026-09-26,周六010,欧国联,法罗群岛,哈萨克,09-27 00:00,否,,,,,,,,09-26 17:00,09-27 17:00
2026-09-26,周六011,欧国联,冰岛,爱沙尼亚,09-27 00:00,否,,,,,,,,09-26 17:00,09-27 17:00
2026-09-26,周六012,欧国联,保加利亚,卢森堡,09-27 00:00,否,,,,,,,,09-26 17:00,09-27 17:00
2026-09-26,周六013,荷乙,罗达JC,瓦尔韦克,09-27 02:00,否,,,,,,,,09-26 17:00,09-27 17:00
2026-09-26,周六014,欧国联,捷克,克罗地亚,09-27 02:45,否,,,,,,,,09-26 17:00,09-27 17:00
2026-09-26,周六015,欧国联,北马其顿,瑞士,09-27 02:45,否,,,,,,,,09-26 17:00,09-27 17:00
2026-09-26,周六016,欧国联,英格兰,西班牙,09-27 02:45,是,,,,,,,,09-26 17:00,09-27 17:00
2026-09-26,周六017,国际赛,美国,秘鲁,09-27 04:30,否,,,,,,,,09-26 17:00,09-27 17:00
2026-09-26,周六018,国际赛,加拿大,智利,09-27 07:00,否,,,,,,,,09-26 17:00,09-27 17:00
2026-09-26,周六019,美职,纽约红牛,圣路易城,09-27 07:30,否,,,,,,,,09-26 17:00,
2026-09-26,周六020,美职,费城,奥兰多,09-27 07:30,否,,,,,,,,09-26 17:00,09-27 17:00
2026-09-26,周六021,美职,达拉斯,洛杉矶FC,09-27 08:30,否,,,,,,,,09-26 17:00,09-27 17:00
2026-09-26,周六022,美职,纳什维尔,多伦多,09-27 08:30,否,,,,,,,,09-26 17:00,09-27 17:00
2026-09-26,周六023,美职,盐湖城,新英格兰,09-27 09:30,否,,,,,,,,09-26 17:00,09-27 17:00
2026-09-26,周六024,美职,圣何塞,波特兰,09-27 10:30,否,,,,,,,,09-26 17:00,09-27 17:00
2026-09-26,周六025,美职,洛城银河,科罗拉多,09-27 10:30,否,,,,,,,,09-26 17:00,09-27 17:00
2026-09-27,周日001,韩职,江原FC,仁川联,09-27 18:00,否,,,,,,,,09-27 17:00,09-28 11:00
2026-09-27,周日002,国际赛,中国,新西兰,09-27 19:35,是,,,,,,,,09-27 17:00,09-28 11:00
2026-09-27,周日003,荷乙,格拉夫,登博思,09-27 20:30,否,,,,,,,,09-27 17:00,09-28 11:00
2026-09-27,周日004,欧国联,丹麦,威尔士,09-28 00:00,否,,,,,,,,09-27 17:00,09-28 11:00
2026-09-27,周日005,欧国联,塞尔维亚,荷兰,09-28 00:00,是,,,,,,,,09-27 17:00,09-28 11:00
2026-09-27,周日006,欧国联,奥地利,科索沃,09-28 00:00,否,,,,,,,,09-27 17:00,09-28 11:00
2026-09-27,周日007,欧国联,德国,希腊,09-28 02:45,否,,,,,,,,09-27 17:00,09-28 11:00
2026-09-27,周日008,欧国联,挪威,葡萄牙,09-28 02:45,是,,,,,,,,09-27 17:00,09-28 11:00
2026-09-27,周日009,美职,哥伦布,迈国际,09-28 07:00,否,,,,,,,,09-27 17:00,09-28 11:00
2026-09-28,周一001,国际赛,日本,委内瑞拉,09-28 18:25,否,,,,,,,,09-28 17:00,09-29 11:00
2026-09-28,周一002,国际赛,韩国,乌拉圭,09-28 19:00,否,,,,,,,,09-28 17:00,09-29 11:00
2026-09-28,周一003,欧国联,亚美尼亚,黑山,09-29 00:00,否,,,,,,,,09-28 17:00,09-29 11:00
2026-09-28,周一004,欧国联,土耳其,意大利,09-29 02:45,是,,,,,,,,09-28 17:00,09-29 11:00
2026-09-28,周一005,欧国联,比利时,法国,09-29 02:45,是,,,,,,,,09-28 17:00,09-29 11:00
2026-09-28,周一006,欧国联,罗马尼亚,波黑,09-29 02:45,否,,,,,,,,09-28 17:00,09-29 11:00
2026-09-28,周一007,欧国联,瑞典,波兰,09-29 02:45,否,,,,,,,,09-28 17:00,09-29 11:00
2026-09-28,周一008,欧国联,北爱尔兰,匈牙利,09-29 02:45,否,,,,,,,,09-28 17:00,09-29 11:00
2026-09-29,周二001,亚运女足,朝鲜女,中国女,09-29 14:00,否,,,,,,,,09-29 11:00,09-30 17:00
2026-09-29,周二002,国际赛,澳大利亚,巴西,09-29 18:00,否,,,,,,,,09-29 17:00,09-30 17:00
2026-09-29,周二003,日联赛杯,藤枝MYFC,大阪樱花,09-29 18:00,否,,,,,,,,09-29 17:00,09-30 17:00
2026-09-29,周二004,日联赛杯,枥木城,广岛三箭,09-29 18:00,否,,,,,,,,09-29 17:00,09-30 17:00
2026-09-29,周二005,日联赛杯,富山胜利,浦和红钻,09-29 18:00,否,,,,,,,,09-29 17:00,09-30 17:00
2026-09-29,周二006,日联赛杯,山形山神,横滨水手,09-29 18:00,否,,,,,,,,09-29 17:00,09-30 17:00
2026-09-29,周二007,亚运女足,日本女,韩国女,09-29 18:30,否,,,,,,,,09-29 17:00,09-30 17:00
2026-09-29,周二008,欧国联,苏格兰,瑞士,09-30 02:45,是,,,,,,,,09-29 17:00,09-30 17:00
2026-09-29,周二009,欧国联,捷克,英格兰,09-30 02:45,否,,,,,,,,09-29 17:00,09-30 17:00
2026-09-29,周二010,欧国联,斯洛文尼,北马其顿,09-30 02:45,否,,,,,,,,09-29 17:00,09-30 17:00
2026-09-29,周二011,欧国联,斯洛伐克,哈萨克,09-30 02:45,否,,,,,,,,09-29 17:00,09-30 17:00
2026-09-29,周二012,欧国联,卢森堡,冰岛,09-30 02:45,否,,,,,,,,09-29 17:00,09-30 17:00
2026-09-29,周二013,欧国联,西班牙,克罗地亚,09-30 02:45,否,,,,,,,,09-29 17:00,09-30 17:00
2026-09-29,周二014,欧国联,保加利亚,爱沙尼亚,09-30 02:45,否,,,,,,,,09-29 17:00,09-30 17:00
2026-09-29,周二015,国际赛,美国,智利,09-30 08:00,否,,,,,,,,09-29 17:00,09-30 17:00
2026-09-30,周三001,亚运男足,韩国亚,中国亚,09-30 14:00,否,,,,,,,,09-30 11:00,10-01 11:00
2026-09-30,周三002,亚运男足,乌兹别亚,日本亚,09-30 18:30,是,,,,,,,,09-30 17:00,10-01 11:00